,DMS_id,DMS_filename,UniProt_ID,taxon,source_organism,target_seq,seq_len,includes_multiple_mutants,DMS_total_number_mutants,DMS_number_single_mutants,DMS_number_multiple_mutants,DMS_binarization_cutoff,DMS_binarization_method,first_author,title,year,jo,region_mutated,molecule_name,selection_assay,selection_type,MSA_filename,MSA_start,MSA_end,MSA_len,MSA_bitscore,MSA_theta,MSA_num_seqs,MSA_perc_cov,MSA_num_cov,MSA_N_eff,MSA_Neff_L,MSA_Neff_L_category,MSA_num_significant,MSA_num_significant_L,raw_DMS_filename,raw_DMS_phenotype_name,raw_DMS_directionality,raw_DMS_mutant_column,weight_file_name,pdb_file,ProteinGym_version,raw_mut_offset,coarse_selection_type
0,ANCSZ_Hobbs_2022_selection,ANCSZ_Hobbs_2022_selection.csv,ANCSZ,Eukaryote,reconstructed ancestor,MADSANHLPYFYGSITREEAEDYLKQGGMSDGLFLLRQSLNSLGGYVLSVVYDRQCHHYTIERQLNGTYAIAGGKPHSGPAELCEYHSQDSDGLVCLLKKPCNRPPGVQPKVGPFEDLKDQLIREYVRQTWNLEGEALEQAIISQRPQLEKLIATTAHEKMPWFHGKISREESERRLLSGAQPNGKFLIRERDENGSYALSLLYEKKVYHYRIDRDKSGKLSIPDGKKFDTLWQLVEHYSHKPDGLLCVLTEPCPNPDSPAGALGAPAPPLPGSHPKLETAGGIISRIKSYSFPKPGFKKKPPSERPKSALNVNGYVPRPKPLGAEGGSRRAMPMDTNVYESPYSDPEELKDKKLYLKREQLMLEEGELGSGNFGTVKKGVYKMRKKEIPVAVKVLKSENDPAVKDELMKEAEFMHQLDNPYIVRMIGICEAESLMLVMELAPLGPLNKFLQKHKDQITVENIVELMHQVSMGMKYLEEKNFVHRDLAARNVLLVNQHYAKISDFGLSKALGADDNYYKAKTAGKWPLKWYAPECINFHKFSSKSDVWSFGVTMWEAFSYGQKPYKGMKGQEVLPFIENGERMECPAECPEEMYELMKDCWTYKADDRPGFVAVELRLRDYYYDISK,627,False,400,400,0,-0.0574121626,median,Hobbs,Saturation mutagenesis of a predicted ancestral Syk-family kinase,2022,10.1002/pro.4411,352-627,ancestral spleen tyrosine kinase,successful phosphorylation of bait peptide,enzymatic activity,ANCSZ_b0.4.a2m,1,627,627,0.4,0.2,7424,1.0,627.0,1036.7,1.653429027,Medium,109.0,0.1738437002,ANCSZ_Hobbs_2022.csv,DMS_value,1,mutant,ANCSZ_theta_0.2.npy,ANCSZ.pdb,1.0,,Activity
1,Q59976_STRSQ_Romero_2015_selection,Q59976_STRSQ_Romero_2015_selection.csv,Q59976_STRSQ,Prokaryote,Streptomyces sp.,MVPAAQQTAMAPDAALTFPEGFLWGSATASYQIEGAAAEDGRTPSIWDTYARTPGRVRNGDTGDVATDHYHRWREDVALMAELGLGAYRFSLAWPRIQPTGRGPALQKGLDFYRRLADELLAKGIQPVATLYHWDLPQELENAGGWPERATAERFAEYAAIAADALGDRVKTWTTLNEPWCSAFLGYGSGVHAPGRTDPVAALRAAHHLNLGHGLAVQALRDRLPADAQCSVTLNIHHVRPLTDSDADADAVRRIDALANRVFTGPMLQGAYPEDLVKDTAGLTDWSFVRDGDLRLAHQKLDFLGVNYYSPTLVSEADGSGTHNSDGHGRSAHSPWPGADRVAFHQPPGETTAMGWAVDPSGLYELLRRLSSDFPALPLVITENGAAFHDYADPEGNVNDPERIAYVRDHLAAVHRAIKDGSDVRGYFLWSLLDNFEWAHGYSKRFGAVYVDYPTGTRIPKASARWYAEVARTGVLPTAGDPNSSSVDKLAAALEHHHHHH,501,False,400,400,0,-1.0,manual,Romero,Dissecting enzyme function with microfluidic-based deep mutational scanning,2015,10.1073/pnas.1422285112,2-501,Î²-glucosidase,Enzyme function,Activity,Q59976_STRSQ_full_11-26-2021_b03.a2m,1,501,501,0.3,0.2,105913,0.882,442.0,13981.2,31.63167421,medium,850.0,1.923076923,Q59976_STRSQ_Romero_2015.csv,enrichment,1,mutant,Q59976_STRSQ_theta_0.2.npy,Q59976_STRSQ.pdb,0.1,,Activity
2,VKOR1_HUMAN_Chiasson_2020_activity_selection,VKOR1_HUMAN_Chiasson_2020_activity_selection.csv,VKOR1_HUMAN,Human,Homo sapiens,MGSTWGSPGWVRLALCLTGLVLSLYALHVKAARARDRDYRALCDVGTAISCSRVFSSRWGRGFGLVEHVLGQDSILNQSNSIFGCIFYTLQLLLGCLRTRWASVLMLLSSLVSLAGSVYLAWILFFVLYDFCIVCITTYAINVSLMWLSFRKVQEPQGKAKRH,163,False,400,400,0,0.7,manual,Chiasson,"Multiplexed measurement of variant abundance and activity reveals VKOR topology, active site and human variant impact",2020,10.7554/eLife.58026,3-163,VKORC1,carboxylation activity (carboxylation reporter on cell surface),enzymatic activity,VKOR1_HUMAN_full_11-26-2021_b03.a2m,1,163,163,0.3,0.2,14510,0.779,127.0,4655.0,36.65354331,medium,97.0,0.7637795276,VKOR1_HUMAN_Chiasson_2020.csv,activity_score,1,variant,VKOR1_HUMAN_theta_0.2.npy,VKOR1_HUMAN.pdb,0.1,,Activity
3,A4_HUMAN_Seuma_2022_selection,A4_HUMAN_Seuma_2022_selection.csv,A4_HUMAN,Human,Homo sapiens,MLPGLALLLLAAWTARALEVPTDGNAGLLAEPQIAMFCGRLNMHMNVQNGKWDSDPSGTKTCIDTKEGILQYCQEVYPELQITNVVEANQPVTIQNWCKRGRKQCKTHPHFVIPYRCLVGEFVSDALLVPDKCKFLHQERMDVCETHLHWHTVAKETCSEKSTNLHDYGMLLPCGIDKFRGVEFVCCPLAEESDNVDSADAEEDDSDVWWGGADTDYADGSEDKVVEVAEEEEVAEVEEEEADDDEDDEDGDEVEEEAEEPYEEATERTTSIATTTTTTTESVEEVVREVCSEQAETGPCRAMISRWYFDVTEGKCAPFFYGGCGGNRNNFDTEEYCMAVCGSAMSQSLLKTTQEPLARDPVKLPTTAASTPDAVDKYLETPGDENEHAHFQKAKERLEAKHRERMSQVMREWEEAERQAKNLPKADKKAVIQHFQEKVESLEQEAANERQQLVETHMARVEAMLNDRRRLALENYITALQAVPPRPRHVFNMLKKYVRAEQKDRQHTLKHFEHVRMVDPKKAAQIRSQVMTHLRVIYERMNQSLSLLYNVPAVAEEIQDEVDELLQKEQNYSDDVLANMISEPRISYGNDALMPSLTETKTTVELLPVNGEFSLDDLQPWHSFGADSVPANTENEVEPVDARPAADRGLTTRPGSGLTNIKTEEISEVKMDAEFRHDSGYEVHHQKLVFFAEDVGSNKGAIIGLMVGGVVIATVIVITLVMLKKKQYTSIHHGVVEVDAAVTPEERHLSKMQQNGYENPTYKFFEQMQN,770,True,400,40,14015,-2.0,manual,Seuma,"An atlas of amyloid aggregation: the impact of substitutions, insertions, deletions and truncations on amyloid beta fibril nucleation",2022,10.1038/s41467-022-34742-3,672-713,APP,aggregation,survival assessment assay,A4_HUMAN_2023-08-07_b01.a2m,1,770,770,0.1,0.2,5272,0.987,760.0,99.3,0.1306578947,Low,0.0,0.0,MS_BL_BB_indels_processed_data.tsv,nscore,1,mutant,A4_HUMAN_theta0.2_2023-08-07_b01.npy,A4_HUMAN.pdb,1.0,,Stability
4,ADRB2_HUMAN_Jones_2020_selection,ADRB2_HUMAN_Jones_2020_selection.csv,ADRB2_HUMAN,Human,Homo sapiens,MGQPGNGSAFLLAPNGSHAPDHDVTQERDEVWVVGMGIVMSLIVLAIVFGNVLVITAIAKFERLQTVTNYFITSLACADLVMGLAVVPFGAAHILMKMWTFGNFWCEFWTSIDVLCVTASIETLCVIAVDRYFAITSPFKYQSLLTKNKARVIILMVWIVSGLTSFLPIQMHWYRATHQEAINCYANETCCDFFTNQAYAIASSIVSFYVPLVIMVFVYSRVFQEAKRQLQKIDKSEGRFHVQNLSQVEQDGRTGHGLRRSSKFCLKEHKALKTLGIIMGTFTLCWLPFFIVNIVHVIQDNLIRKEVYILLNWIGYVNSGFNPLIYCRSPDFRIAFQELLCLRRSSLKAYGNGYSSNGNTGEQSGYHVEQEKENKLLCEDLPGTEDFVGHQGTVPSDNIDSQGRNCSTNDSLL,413,False,400,40,0,1.859961867,median,Jones,Structural and Functional Characterization of G Protein-Coupled Receptors with Deep Mutational Scanning,2020,10.7554/eLife.54895,2-413,ADRB2,"transcription (luciferase reporter, isoproterenol (beta2AR agonist)-induced)",Receptor activity,ADRB2_HUMAN_full_11-26-2021_b03.a2m,1,413,413,0.3,0.2,204722,0.712,294.0,25459.6,86.59727891,medium,234.0,0.7959183673,ADRB2_HUMAN_Jones_2020.csv,0.625,1,mutant_id,ADRB2_HUMAN_theta_0.2.npy,ADRB2_HUMAN.pdb,0.1,,Activity
5,ESTA_BACSU_Nutschel_2020_selection,ESTA_BACSU_Nutschel_2020_selection.csv,ESTA_BACSU,Prokaryote,Bacillus subtilis,MKFVKRRIIALVTILMLSVTSLFALQPSAKAAEHNPVVMVHGIGGASFNFAGIKSYLVSQGWSRDKLYAVDFWDKTGTNYNNGPVLSRFVQKVLDETGAKKVDIVAHSMGGANTLYYIKNLDGGNKVANVVTLGGANRLTTGKALPGTDPNQKILYTSIYSSADMIVMNYLSRLDGARNVQIHGVGHIGLLYSSQVNSLIKEGLNGGGQNTN,212,False,400,40,0,46.34,median,Nutschel,Systematically Scrutinizing the Impact of Substitution Sites on Thermostability and Detergent Tolerance for Bacillus subtilis Lipase A,2020,10.1021/acs.jcim.9b00954,32-205,estA,thermostability,thermostability,ESTA_BACSU_full_11-26-2021_b03.a2m,1,212,212,0.3,0.2,234310,0.774,164.0,64492.5,393.2469512,high,292.0,1.780487805,ESTA_BACSU_Nutschel_2020.csv,T50,1,Variants of BsLipA,ESTA_BACSU_theta_0.2.npy,ESTA_BACSU.pdb,0.1,,Stability
6,MK01_HUMAN_Brenan_2016_selection,MK01_HUMAN_Brenan_2016_selection.csv,MK01_HUMAN,Human,Homo sapiens,MAAAAAAGAGPEMVRGQVFDVGPRYTNLSYIGEGAYGMVCSAYDNVNKVRVAIKKISPFEHQTYCQRTLREIKILLRFRHENIIGINDIIRAPTIEQMKDVYIVQDLMETDLYKLLKTQHLSNDHICYFLYQILRGLKYIHSANVLHRDLKPSNLLLNTTCDLKICDFGLARVADPDHDHTGFLTEYVATRWYRAPEIMLNSKGYTKSIDIWSVGCILAEMLSNRPIFPGKHYLDQLNHILGILGSPSQEDLNCIINLKARNYLLSLPHKNKVPWNRLFPNADSKALDLLDKMLTFNPHKRIEVEQALAHPYLEQYYDPSDEPIAEAPFKFDMELDDLPKEKLKELIFEETARFQPGYRS,360,False,400,40,0,-8.040790936,median,Brenan,Phenotypic Characterization of a Comprehensive Set of MAPK1 /ERK2 Missense Mutants,2016,10.1016/j.celrep.2016.09.061,2-360,MAPK1,Growth,inhibitor resistance,MK01_HUMAN_full_11-26-2021_b06.a2m,1,360,360,0.6,0.2,124248,0.806,290.0,8815.9,30.39965517,medium,287.0,0.9896551724,MK01_HUMAN_Brenan_2016.csv,DOX_Average,-1,mutant,MK01_HUMAN_theta_0.2.npy,MK01_HUMAN.pdb,0.1,,OrganismalFitness
7,SC6A4_HUMAN_Young_2021_selection,SC6A4_HUMAN_Young_2021_selection.csv,SC6A4_HUMAN,Human,Homo sapiens,METTPLNSQKQLSACEDGEDCQENGVLQKVVPTPGDKVESGQISNGYSAVPSPGAGDDTRHSIPATTTTLVAELHQGERETWGKKVDFLLSVIGYAVDLGNVWRFPYICYQNGGGAFLLPYTIMAIFGGIPLFYMELALGQYHRNGCISIWRKICPIFKGIGYAICIIAFYIASYYNTIMAWALYYLISSFTDQLPWTSCKNSWNTGNCTNYFSEDNITWTLHSTSPAEEFYTRHVLQIHRSKGLQDLGGISWQLALCIMLIFTVIYFSIWKGVKTSGKVVWVTATFPYIILSVLLVRGATLPGAWRGVLFYLKPNWQKLLETGVWIDAAAQIFFSLGPGFGVLLAFASYNKFNNNCYQDALVTSVVNCMTSFVSGFVIFTVLGYMAEMRNEDVSEVAKDAGPSLLFITYAEAIANMPASTFFAIIFFLMLITLGLDSTFAGLEGVITAVLDEFPHVWAKRRERFVLAVVITCFFGSLVTLTFGGAYVVKLLEEYATGPAVLTVALIEAVAVSWFYGITQFCRDVKEMLGFSPGWFWRICWVAISPLFLLFIICSFLMSPPQLRLFQYNYPYWSIILGYCIGTSSFICIPTYIAYRLIITPGTFKERIIKSITPETPTEIPCGDIRLNAV,630,False,400,40,0,-0.1560688323,median,Young,Deep Mutagenesis of a Transporter for Uptake of a Non-Native Substrate Identifies Conformationally Dynamic Regions,2021,10.1101/2021.04.19.440442,2-630,Sodium-dependent serotonin transporter,Fluorescence,Fluorescence,SC6A4_HUMAN_full_11-26-2021_b02.a2m,1,630,630,0.2,0.2,40971,0.805,507.0,5278.9,10.41203156,medium,278.0,0.5483234714,SC6A4_HUMAN_Young_2021.csv,avg_MYC,1,mutant,SC6A4_HUMAN_theta_0.2.npy,SC6A4_HUMAN.pdb,0.1,,Activity
8,SPIKE_SARS2_Starr_2020_binding_selection,SPIKE_SARS2_Starr_2020_binding_selection.csv,SPIKE_SARS2,Virus,SARS-COV2,MFVFLVLLPLVSSQCVNLTTRTQLPPAYTNSFTRGVYYPDKVFRSSVLHSTQDLFLPFFSNVTWFHAIHVSGTNGTKRFDNPVLPFNDGVYFASTEKSNIIRGWIFGTTLDSKTQSLLIVNNATNVVIKVCEFQFCNDPFLGVYYHKNNKSWMESEFRVYSSANNCTFEYVSQPFLMDLEGKQGNFKNLREFVFKNIDGYFKIYSKHTPINLVRDLPQGFSALEPLVDLPIGINITRFQTLLALHRSYLTPGDSSSGWTAGAAAYYVGYLQPRTFLLKYNENGTITDAVDCALDPLSETKCTLKSFTVEKGIYQTSNFRVQPTESIVRFPNITNLCPFGEVFNATRFASVYAWNRKRISNCVADYSVLYNSASFSTFKCYGVSPTKLNDLCFTNVYADSFVIRGDEVRQIAPGQTGKIADYNYKLPDDFTGCVIAWNSNNLDSKVGGNYNYLYRLFRKSNLKPFERDISTEIYQAGSTPCNGVEGFNCYFPLQSYGFQPTNGVGYQPYRVVVLSFELLHAPATVCGPKKSTNLVKNKCVNFNFNGLTGTGVLTESNKKFLPFQQFGRDIADTTDAVRDPQTLEILDITPCSFGGVSVITPGTNTSNQVAVLYQDVNCTEVPVAIHADQLTPTWRVYSTGSNVFQTRAGCLIGAEHVNNSYECDIPIGAGICASYQTQTNSPRRARSVASQSIIAYTMSLGAENSVAYSNNSIAIPTNFTISVTTEILPVSMTKTSVDCTMYICGDSTECSNLLLQYGSFCTQLNRALTGIAVEQDKNTQEVFAQVKQIYKTPPIKDFGGFNFSQILPDPSKPSKRSFIEDLLFNKVTLADAGFIKQYGDCLGDIAARDLICAQKFNGLTVLPPLLTDEMIAQYTSALLAGTITSGWTFGAGAALQIPFAMQMAYRFNGIGVTQNVLYENQKLIANQFNSAIGKIQDSLSSTASALGKLQDVVNQNAQALNTLVKQLSSNFGAISSVLNDILSRLDKVEAEVQIDRLITGRLQSLQTYVTQQLIRAAEIRASANLAATKMSECVLGQSKRVDFCGKGYHLMSFPQSAPHGVVFLHVTYVPAQEKNFTTAPAICHDGKAHFPREGVFVSNGTHWFVTQRNFYEPQIITTDNTFVSGNCDVVIGIVNNTVYDPLQPELDSFKEELDKYFKNHTSPDVDLGDISGINASVVNIQKEIDRLNEVAKNLNESLIDLQELGKYEQYIKWPWYIWLGFIAGLIAIVMVTIMLCCMTSCCSCLKGCCSCGSCCKFDEDDSEPVLKGVKLHYT,1273,False,400,40,0,-0.5,manual,Starr,Deep Mutational Scanning of SARS-CoV-2 Receptor Binding Domain Reveals Constraints on Folding and ACE2 Binding,2020,10.1016/j.cell.2020.08.012,331-531,Spike RBD,ACE2 binding,Binding,SPIKE_SARS2_theta0.99_full_11-26-2021_b01.a2m,1,1273,1273,0.1,0.01,36931,0.998,1271.0,1405.2,1.105586153,medium,2059.0,1.619984264,SPIKE_SARS2_Starr_2020.csv,bind_avg,1,mutation,SPIKE_SARS2_theta_0.01.npy,SPIKE_SARS2.pdb,0.1,,Binding
9,YAP1_HUMAN_Araya_2012_selection,YAP1_HUMAN_Araya_2012_selection.csv,YAP1_HUMAN,Human,Homo sapiens,MDPGQQPPPQPAPQGQGQPPSQPPQGQGPPSGPGQPAPAATQAAPQAPPAGHQIVHVRGDSETDLEALFNAVMNPKTANVPQTVPMRLRKLPDSFFKPPEPKSHSRQASTDAGTAGALTPQHVRAHSSPASLQLGAVSPGTLTPTGVVSGPAATPTAQHLRQSSFEIPDDVPLPAGWEMAKTSSGQRYFLNHIDQTTTWQDPRKAMLSQMNVTAPTSPPVQQNMMNSASGPLPDGWEQAMTQDGEIYYINHKNKTTSWLDPRLDPRFAMNQRISQSAPVKQPPPLAPQSPQGGVMGGSNSNQQQQMRLQQLQMEKERLRLKQQELLRQAMRNINPSTANSPKCQELALRSQLPTLEQDGGTQNPVSSPGMSQELRTMTTNSSDPFLNSGTYHSRDESTDSGLSMSSYSVPRTPDDFLNSVDEMDTGDTINQSTLPSQQNRFPDYLEAIPGTNVDLGTLEGDGMNIEGEELMPSLQEALSSDILNDMESVLAATKLDKESFLTWL,504,True,400,40,9713,0.6236402571,median,Araya,"A fundamental protein property, thermodynamic stability, revealed solely from large-scale measurements of protein function",2012,10.1073/pnas.1209751109,170-203,YAP1,peptide binding,Binding,YAP1_HUMAN_full_11-26-2021_b02.a2m,1,504,504,0.2,0.2,1604,0.859,433.0,132.6,0.3062355658,low,1.0,0.002309468822,YAP1_HUMAN_Araya_2012.csv,W,1,mutant,YAP1_HUMAN_theta_0.2.npy,YAP1_HUMAN.pdb,0.1,,Binding
10,A4_HUMAN_Seuma_2022_single_selection,A4_HUMAN_Seuma_2022_single_selection.csv,A4_HUMAN,Human,Homo sapiens,MLPGLALLLLAAWTARALEVPTDGNAGLLAEPQIAMFCGRLNMHMNVQNGKWDSDPSGTKTCIDTKEGILQYCQEVYPELQITNVVEANQPVTIQNWCKRGRKQCKTHPHFVIPYRCLVGEFVSDALLVPDKCKFLHQERMDVCETHLHWHTVAKETCSEKSTNLHDYGMLLPCGIDKFRGVEFVCCPLAEESDNVDSADAEEDDSDVWWGGADTDYADGSEDKVVEVAEEEEVAEVEEEEADDDEDDEDGDEVEEEAEEPYEEATERTTSIATTTTTTTESVEEVVREVCSEQAETGPCRAMISRWYFDVTEGKCAPFFYGGCGGNRNNFDTEEYCMAVCGSAMSQSLLKTTQEPLARDPVKLPTTAASTPDAVDKYLETPGDENEHAHFQKAKERLEAKHRERMSQVMREWEEAERQAKNLPKADKKAVIQHFQEKVESLEQEAANERQQLVETHMARVEAMLNDRRRLALENYITALQAVPPRPRHVFNMLKKYVRAEQKDRQHTLKHFEHVRMVDPKKAAQIRSQVMTHLRVIYERMNQSLSLLYNVPAVAEEIQDEVDELLQKEQNYSDDVLANMISEPRISYGNDALMPSLTETKTTVELLPVNGEFSLDDLQPWHSFGADSVPANTENEVEPVDARPAADRGLTTRPGSGLTNIKTEEISEVKMDAEFRHDSGYEVHHQKLVFFAEDVGSNKGAIIGLMVGGVVIATVIVITLVMLKKKQYTSIHHGVVEVDAAVTPEERHLSKMQQNGYENPTYKFFEQMQN,770,True,400,1,14015,-2.0,manual,Seuma,"An atlas of amyloid aggregation: the impact of substitutions, insertions, deletions and truncations on amyloid beta fibril nucleation",2022,10.1038/s41467-022-34742-3,672-713,APP,aggregation,survival assessment assay,A4_HUMAN_2023-08-07_b01.a2m,1,770,770,0.1,0.2,5272,0.987,760.0,99.3,0.1306578947,Low,0.0,0.0,MS_BL_BB_indels_processed_data.tsv,nscore,1,mutant,A4_HUMAN_theta0.2_2023-08-07_b01.npy,A4_HUMAN.pdb,1.0,,Stability
11,YAP1_HUMAN_Araya_2012_single_selection,YAP1_HUMAN_Araya_2012_single_selection.csv,YAP1_HUMAN,Human,Homo sapiens,MDPGQQPPPQPAPQGQGQPPSQPPQGQGPPSGPGQPAPAATQAAPQAPPAGHQIVHVRGDSETDLEALFNAVMNPKTANVPQTVPMRLRKLPDSFFKPPEPKSHSRQASTDAGTAGALTPQHVRAHSSPASLQLGAVSPGTLTPTGVVSGPAATPTAQHLRQSSFEIPDDVPLPAGWEMAKTSSGQRYFLNHIDQTTTWQDPRKAMLSQMNVTAPTSPPVQQNMMNSASGPLPDGWEQAMTQDGEIYYINHKNKTTSWLDPRLDPRFAMNQRISQSAPVKQPPPLAPQSPQGGVMGGSNSNQQQQMRLQQLQMEKERLRLKQQELLRQAMRNINPSTANSPKCQELALRSQLPTLEQDGGTQNPVSSPGMSQELRTMTTNSSDPFLNSGTYHSRDESTDSGLSMSSYSVPRTPDDFLNSVDEMDTGDTINQSTLPSQQNRFPDYLEAIPGTNVDLGTLEGDGMNIEGEELMPSLQEALSSDILNDMESVLAATKLDKESFLTWL,504,True,400,1,9713,0.6236402571,median,Araya,"A fundamental protein property, thermodynamic stability, revealed solely from large-scale measurements of protein function",2012,10.1073/pnas.1209751109,170-203,YAP1,peptide binding,Binding,YAP1_HUMAN_full_11-26-2021_b02.a2m,1,504,504,0.2,0.2,1604,0.859,433.0,132.6,0.3062355658,low,1.0,0.002309468822,YAP1_HUMAN_Araya_2012.csv,W,1,mutant,YAP1_HUMAN_theta_0.2.npy,YAP1_HUMAN.pdb,0.1,,Binding